Burke,ullamcorper.velit.in@ametnullaDonec.co.uk
Kamal,pede.Suspendisse@interdumenim.edu
Olga,Aenean.eget.metus@dictumcursusNunc.edu
Belle,vitae.aliquet.nec@neque.co.uk
Trevor,dapibus.id@acturpisegestas.net
Laurel,adipiscing@consectetueripsum.edu
Sara,Donec.nibh@enimEtiamimperdiet.edu
Kaseem,cursus.et.magna@euismod.org
Lev,Vivamus.nisi@ipsumdolor.com
Maya,accumsan.convallis@ornarelectusjusto.edu
Emi,est@nunc.com
Caleb,Suspendisse@Quisque.edu
Florence,sit.amet.dapibus@lacusAliquamrutrum.ca
Anika,euismod@ligulaelit.co.uk
Tarik,turpis@felisorci.com
Amena,lorem.luctus.ut@scelerisque.com
Blossom,Nunc.commodo.auctor@eratSed.co.uk
Guy,senectus.et.netus@lectusrutrum.com
Malachi,Proin.mi.Aliquam@estarcu.net
Edward,lectus@aliquetlibero.co.uk
,consectetuer.adipiscing@sapien.com
Talon,nec.malesuada.ut@ac.ca
Julie,turpis.Nulla.aliquet@nibh.com
Marsden,Donec.dignissim.magna@vehiculaet.co.uk
Igor,conubia@tellus.co.uk
Amela,in@vitaesodales.edu
Bianca,posuere.cubilia@sitametluctus.org
Hayfa,augue.malesuada@egetvolutpatornare.org
Lunea,nascetur.ridiculus.mus@semmagna.ca
Deacon,lacinia.mattis@risus.com
Wallace,lorem.lorem@non.net
,accumsan.laoreet@sedpede.net
NULL,Donec@Inmipede.co.uk
Kirk,lorem.Donec.elementum@felis.com
Cadman,ut.lacus@adipiscing.ca
Price,purus.accumsan@luctus.co.uk
Maggy,facilisi.Sed.neque@sit.edu
Samson,dictum.mi@ullamcorperDuis.co.uk
Quincy,turpis.nec.mauris@fringillacursus.net
Piper,at.augue@arcuVestibulumante.co.uk
Tyrone,non.bibendum.sed@malesuadaut.com
Brenda,Morbi.vehicula@risus.net
Wynter,amet.risus.Donec@elit.ca
Daria,at@semeget.org
,Suspendisse.eleifend.Cras@arcuvel.co.uk
Kibo,fermentum.arcu.Vestibulum@CuraePhasellusornare.ca
Alma,nec.enim@non.org
Laith,nisi.a.odio@Aliquameratvolutpat.ca
Darius,risus.a@natoque.com
Yasir,eget.odio.Aliquam@facilisis.com
Baker,enim@atortorNunc.co.uk
Xena,in.faucibus.orci@atvelit.org
Kasper,velit.eget@pedeCum.ca
Hannah,Phasellus.libero.mauris@Sedmalesuada.co.uk
Reese,aliquet.magna.a@ligulaNullam.ca
Buckminster,cursus.Nunc.mauris@parturientmontesnascetur.co.uk
Richard,fringilla.cursus@mauris.com
Shafira,a@magnamalesuada.ca
Frances,enim.consequat.purus@nulla.ca
Ava,ipsum.Phasellus.vitae@Curabiturutodio.com
Maxine,aliquet.molestie.tellus@ante.ca
Kirk,fringilla@luctusvulputatenisi.ca
Dylan,vehicula.aliquet@pharetrafeliseget.com
Francesca,nec.euismod.in@consectetueradipiscingelit.co.uk
Tiger,nec@mollisnoncursus.net
Vance,pellentesque@netusetmalesuada.edu
Hermione,eu.dolor@aauctornon.co.uk
Candice,sit.amet.ornare@aliquam.net
Aiko,turpis.vitae.purus@nislNulla.com
Quemby,interdum.ligula@erat.co.uk
Autumn,nec@lectusconvallisest.com
Bradley,sem@nisl.ca
Carl,nonummy@acfeugiat.ca
Guinevere,per.inceptos@convallisin.net
Juliet,eros.non.enim@ametfaucibus.edu
Ralph,Sed.congue.elit@iaculisnec.com
Maggy,pellentesque@mi.net
Finn,vestibulum.massa@Morbineque.edu
Anastasia,tristique@morbi.com
Dean,Nam.consequat@vehiculaetrutrum.ca
Keelie,nunc@Nunc.org
Sonia,faucibus.orci@nonmassa.ca
,sociis.natoque@eu.net
Prescott,metus.sit@estvitae.org
Cain,rhoncus.Nullam.velit@eleifendnunc.edu
Xandra,libero@arcuVestibulumante.co.uk
Selma,vulputate.velit@pellentesquetellus.org
Cameron,nisl.Nulla@dictummagnaUt.net
Kerry,molestie.tellus@tristique.org
Keefe,natoque.penatibus.et@molestietortor.net
Abel,urna@veliteu.edu
Graiden,Integer.in.magna@lectusCum.com
Nora,Donec.vitae@blandit.ca
,Praesent.eu.nulla@posuere.com
Hilda,pellentesque.massa@Mauris.co.uk
Channing,viverra.Donec.tempus@enimnislelementum.net
Maxwell,metus.In@musAeneaneget.ca
Andrew,non@Sedeu.ca
Lev,euismod.urna@mifringillami.com
Mannix,rutrum@per.org
